Image Name,Image Size (Kbytes),Last Modified
image0.jpg,27.5 KB,2023-08-23 19:49:07
image1.jpg,20.9 KB,2023-08-23 19:49:07
image10.jpg,20.8 KB,2023-08-23 19:49:07
image11.jpg,23.4 KB,2023-08-23 19:49:07
image12.jpg,22.1 KB,2023-08-23 19:49:07
image13.jpg,18.7 KB,2023-08-23 19:49:07
image14.jpg,26.7 KB,2023-08-23 19:49:07
image15.jpg,28.4 KB,2023-08-23 19:49:07
image16.jpg,23.7 KB,2023-08-23 19:49:07
image17.jpg,26.6 KB,2023-08-23 19:49:07
image18.jpg,26.7 KB,2023-08-23 19:49:07
image19.jpg,24.9 KB,2023-08-23 19:49:07
image2.jpg,27.9 KB,2023-08-23 19:49:07
image20.jpg,23.0 KB,2023-08-23 19:49:07
image21.jpg,21.3 KB,2023-08-23 19:49:07
image22.jpg,26.9 KB,2023-08-23 19:49:07
image23.jpg,27.5 KB,2023-08-23 19:49:07
image24.jpg,20.5 KB,2023-08-23 19:49:07
image25.jpg,26.2 KB,2023-08-23 19:49:07
image26.jpg,20.8 KB,2023-08-23 19:49:07
image27.jpg,23.6 KB,2023-08-23 19:49:07
image28.jpg,26.2 KB,2023-08-23 19:49:07
image29.jpg,21.8 KB,2023-08-23 19:49:07
image3.jpg,22.5 KB,2023-08-23 19:49:07
image30.jpg,23.7 KB,2023-08-23 19:49:07
image31.jpg,15.5 KB,2023-08-23 19:49:07
image32.jpg,21.9 KB,2023-08-23 19:49:07
image33.jpg,21.3 KB,2023-08-23 19:49:07
image34.jpg,17.5 KB,2023-08-23 19:49:07
image35.jpg,22.3 KB,2023-08-23 19:49:07
image4.jpg,26.6 KB,2023-08-23 19:49:07
image5.jpg,24.4 KB,2023-08-23 19:49:07
image6.jpg,15.6 KB,2023-08-23 19:49:07
image7.jpg,29.2 KB,2023-08-23 19:49:07
image8.jpg,24.9 KB,2023-08-23 19:49:07
image9.jpg,32.1 KB,2023-08-23 19:49:07
